field,rows,missing,mean,std,p05,p50,p95,min,max
Size,233135,0,0.329234,0.211618,0.0278,0.3084,0.694,0.001,0.75
Volatility,233135,0,0.349857,0.144466,0.125168,0.349689,0.575022,0.100002,0.6
POV,233135,0,0.258573,0.126762,0.0837,0.2311,0.5159,0.0007,0.6
Cost,233135,0,88.254048,155.66624,-142.578158,72.957495,360.837952,-956.804918,1326.381786
Date,233135,0,,,,,,1/1/2021,9/9/2021
