instrument,delta,gamma,theta_per_day,vega_per_1pct_vol,rho_per_1pct_rate
atm_call,0.56946018,0.039288,-0.0286963,0.19644,0.13082755
atm_put,-0.43053982,0.039288,-0.01516784,0.19644,-0.1160669
call_strike_90,0.89039006,0.01875567,-0.02087556,0.09377837,0.1934223
call_strike_100,0.56946018,0.039288,-0.0286963,0.19644,0.13082755
call_strike_110,0.2182545,0.02947406,-0.01897679,0.14737028,0.0515858
atm_call_7_days,0.51932906,0.14386904,-0.0857885,0.05518264,0.00973862
atm_call_91.25_days,0.56946018,0.039288,-0.0286963,0.19644,0.13082755
atm_call_365_days,0.63683065,0.01876202,-0.01757268,0.37524035,0.53232482
