item,creation_rupees,redemption_rupees
stock basket value,2434333.9,2434333.9
20 bps transaction charge,4868.6678,-4868.6678
cash component,45325.0,45325.0
total,2484527.5678,2474790.2322
per ETF share,24.845275678,24.747902321999998
