sheet,stock_value,cash_component,nav_per_etf,creation_per_etf,redemption_per_etf
Slide-22,2434333.9,45325.0,24.796588999999997,24.845275678,24.747902321999998
Slide-39,2444588.99,45325.0,24.8991399,24.948031679800003,24.8502481202
Slide-44,2468156.6599999997,45325.0,25.134816599999997,25.184179733199997,25.085453466799994
