x,sigmoid,sigmoid_derivative,tanh,relu,threshold
-6,0.00247262,0.00246651,-0.99998771,0,0
-3,0.04742587,0.04517666,-0.99505475,0,0
0,0.5,0.25,0.0,0,1
2,0.88079708,0.10499359,0.96402758,2,1
6,0.99752738,0.00246651,0.99998771,6,1
