n_hedges,hedge_every_days,pnl_dispersion,mean_pnl_no_cost,theory_1_over_sqrtN
1,21,2.61164226,-0.04764767,2.61164226
2,11,1.90261503,0.06749357,1.84670995
3,7,1.58408274,0.00233325,1.50783236
4,5,1.29853029,0.00676891,1.30582113
7,3,1.09677055,0.06189101,0.98710799
10,2,0.87739868,0.04219105,0.8258738
21,1,0.63757018,-0.01063574,0.56990706
