feature,decision_stump_importance,abs_logistic_proxy_weight
ma_15,0.0,0.8882251434579488
ma_10,0.0,0.5701702025280941
ma_25,0.0,0.3670497292450555
vma_4,0.0,0.1185001925503874
ma_20,0.0,0.09847480791373203
std_5,0.0,0.07863326607081576
std_10,0.0,0.06026251522073405
pct_6,0.0,0.04689186553154761
std_15,0.0,0.04509032094424892
co,1.0,0.030938457350819962
pct_3,0.0,0.013477101175990654
pct_9,0.0,0.012316895999953378
