cluster,size,avg_beta,avg_debt_to_equity,avg_forward_pe
0,213,1.086749,48.640366,18.566741
1,23,1.219119,352.29587,16.598343
2,132,0.969064,148.200455,18.084536
